<CURRICULO-VITAE SISTEMA-ORIGEM-XML="LATTES_OFFLINE" NUMERO-IDENTIFICADOR="9107715221927474" FORMATO-DATA-ATUALIZACAO="DDMMAAAA" DATA-ATUALIZACAO="09062016" FORMATO-HORA-ATUALIZACAO="HHMMSS" HORA-ATUALIZACAO="152540"><DADOS-GERAIS NOME-COMPLETO="Lucas dos Santos Abreu" NOME-EM-CITACOES-BIBLIOGRAFICAS="ABREU, L. S." NACIONALIDADE="B" PAIS-DE-NASCIMENTO="Brasil" FORMATO-DATA-DE-NASCIMENTO="DDMMAAAA" FORMATO-DATA-DE-EMISSAO="DDMMAAAA" PERMISSAO-DE-DIVULGACAO="NAO" DATA-FALECIMENTO="" SIGLA-PAIS-NACIONALIDADE="BRA" PAIS-DE-NACIONALIDADE="Brasil"><ENDERECO FLAG-DE-PREFERENCIA="ENDERECO_RESIDENCIAL"><ENDERECO-PROFISSIONAL CODIGO-INSTITUICAO-EMPRESA="" NOME-INSTITUICAO-EMPRESA="" CODIGO-ORGAO="" NOME-ORGAO="" CODIGO-UNIDADE="" NOME-UNIDADE="" LOGRADOURO-COMPLEMENTO="" PAIS="" UF="" CEP="" CIDADE="" BAIRRO="" DDD="" TELEFONE="" RAMAL="" FAX="" E-MAIL="lucas.s.abreu@gmail.com" HOME-PAGE=""/></ENDERECO><FORMACAO-ACADEMICA-TITULACAO><GRADUACAO SEQUENCIA-FORMACAO="2" NIVEL="1" TITULO-DO-TRABALHO-DE-CONCLUSAO-DE-CURSO="" NOME-DO-ORIENTADOR="" CODIGO-INSTITUICAO="572000000000" NOME-INSTITUICAO="Universidade da Região de Joinville" CODIGO-ORGAO="" NOME-ORGAO="" CODIGO-CURSO="60356588" NOME-CURSO="Sistemas de Informação" CODIGO-AREA-CURSO="" STATUS-DO-CURSO="EM_ANDAMENTO" ANO-DE-INICIO="2012" ANO-DE-CONCLUSAO="" FLAG-BOLSA="SIM" CODIGO-AGENCIA-FINANCIADORA="000300000995" NOME-AGENCIA="Programa Universidade Para Todos" NUMERO-ID-ORIENTADOR="" CODIGO-CURSO-CAPES="56757" TITULO-DO-TRABALHO-DE-CONCLUSAO-DE-CURSO-INGLES="" NOME-CURSO-INGLES="" FORMACAO-ACADEMICA-TITULACAO="" TIPO-GRADUACAO="N" CODIGO-INSTITUICAO-GRAD="" NOME-INSTITUICAO-GRAD="" CODIGO-INSTITUICAO-OUTRA-GRAD="" NOME-INSTITUICAO-OUTRA-GRAD="" NOME-ORIENTADOR-GRAD=""/><CURSO-TECNICO-PROFISSIONALIZANTE SEQUENCIA-FORMACAO="4" NIVEL="7" CODIGO-INSTITUICAO="985606575860" NOME-INSTITUICAO="SENAI - Departamento Regional de Santa Catarina" CODIGO-ORGAO="" NOME-ORGAO="" CODIGO-CURSO="90000000" NOME-CURSO="TÉCNICO EM INFORMÁTICA" STATUS-DO-CURSO="CONCLUIDO" ANO-DE-INICIO="2010" ANO-DE-CONCLUSAO="2011" FLAG-BOLSA="NAO" CODIGO-AGENCIA-FINANCIADORA="" NOME-AGENCIA="" NOME-CURSO-INGLES=""/><ENSINO-FUNDAMENTAL-PRIMEIRO-GRAU SEQUENCIA-FORMACAO="3" NIVEL="B" CODIGO-INSTITUICAO="000200000993" NOME-INSTITUICAO="CAIC Professor Mariano Costa" STATUS-DO-CURSO="CONCLUIDO" ANO-DE-INICIO="2000" ANO-DE-CONCLUSAO="2008"/><ENSINO-MEDIO-SEGUNDO-GRAU SEQUENCIA-FORMACAO="1" NIVEL="C" CODIGO-INSTITUICAO="000100000991" NOME-INSTITUICAO="Escola Estadual Básica Dr. Paulo Medeiros" STATUS-DO-CURSO="CONCLUIDO" ANO-DE-INICIO="2009" ANO-DE-CONCLUSAO="2011"/></FORMACAO-ACADEMICA-TITULACAO><ATUACOES-PROFISSIONAIS><ATUACAO-PROFISSIONAL CODIGO-INSTITUICAO="J36N00000004" NOME-INSTITUICAO="TOTVS" SEQUENCIA-ATIVIDADE="1" SEQUENCIA-IMPORTANCIA="1"><VINCULOS SEQUENCIA-HISTORICO="1" TIPO-DE-VINCULO="LIVRE" ENQUADRAMENTO-FUNCIONAL="LIVRE" CARGA-HORARIA-SEMANAL="" FLAG-DEDICACAO-EXCLUSIVA="NAO" MES-INICIO="" ANO-INICIO="2010" MES-FIM="" ANO-FIM="" OUTRAS-INFORMACOES="" FLAG-VINCULO-EMPREGATICIO="NAO" OUTRO-VINCULO-INFORMADO="Outro (especifique)" OUTRO-ENQUADRAMENTO-FUNCIONAL-INFORMADO="Desenvolvedor" OUTRO-ENQUADRAMENTO-FUNCIONAL-INFORMADO-INGLES="" OUTRAS-INFORMACOES-INGLES=""/><ATIVIDADES-DE-SERVICO-TECNICO-ESPECIALIZADO><SERVICO-TECNICO-ESPECIALIZADO SEQUENCIA-FUNCAO-ATIVIDADE="1" FLAG-PERIODO="ATUAL" MES-INICIO="08" ANO-INICIO="2011" MES-FIM="" ANO-FIM="" CODIGO-ORGAO="J36N01000997" NOME-ORGAO="TOTVS SC" CODIGO-UNIDADE="" NOME-UNIDADE="" SERVICO-REALIZADO="* Construção de programas de acerto e melhoria de processo nas áreas de Finanças e Controladoria; * Desenvolvimento e melhoria de processo para Business Intelligence utilizando Microsoft Analysis Services, IBM Cognos e GoodData; * Aplicações construídas"/></ATIVIDADES-DE-SERVICO-TECNICO-ESPECIALIZADO><atividadesProfissionaisPlanificadas/></ATUACAO-PROFISSIONAL><ATUACAO-PROFISSIONAL CODIGO-INSTITUICAO="572000000000" NOME-INSTITUICAO="Universidade da Região de Joinville" SEQUENCIA-ATIVIDADE="2" SEQUENCIA-IMPORTANCIA=""><VINCULOS SEQUENCIA-HISTORICO="2" TIPO-DE-VINCULO="LIVRE" ENQUADRAMENTO-FUNCIONAL="LIVRE" CARGA-HORARIA-SEMANAL="" FLAG-DEDICACAO-EXCLUSIVA="NAO" MES-INICIO="01" ANO-INICIO="2012" MES-FIM="" ANO-FIM="" OUTRAS-INFORMACOES="" FLAG-VINCULO-EMPREGATICIO="SIM" OUTRO-VINCULO-INFORMADO="Estudante" OUTRO-ENQUADRAMENTO-FUNCIONAL-INFORMADO="Estudante" OUTRO-ENQUADRAMENTO-FUNCIONAL-INFORMADO-INGLES="" OUTRAS-INFORMACOES-INGLES=""/><ATIVIDADES-DE-PARTICIPACAO-EM-PROJETO><PARTICIPACAO-EM-PROJETO SEQUENCIA-FUNCAO-ATIVIDADE="1" FLAG-PERIODO="ATUAL" MES-INICIO="" ANO-INICIO="2015" MES-FIM="" ANO-FIM="" CODIGO-ORGAO="572005000008" NOME-ORGAO="Pró-Reitoria de Ensino" CODIGO-UNIDADE="" NOME-UNIDADE=""><PROJETO-DE-PESQUISA SEQUENCIA-PROJETO="1" ANO-INICIO="2015" ANO-FIM="" NOME-DO-PROJETO="Ferramenta de extração de dados da Plataforma Lattes CNPq" SITUACAO="EM_ANDAMENTO" NATUREZA="EXTENSAO" NUMERO-GRADUACAO="2" NUMERO-ESPECIALIZACAO="" NUMERO-MESTRADO-ACADEMICO="" NUMERO-MESTRADO-PROF="" NUMERO-DOUTORADO="" DESCRICAO-DO-PROJETO="Desenvolver uma ferramenta de extração de dados da Plataforma Lattes através do webservice para criação de um BI sobre os dados de produção acadêmica dos professores da UNIVILLE/INOVAPARQ utilizando a ferramenta Tableau" IDENTIFICADOR-PROJETO="" DESCRICAO-DO-PROJETO-INGLES="Descrição: Desenvolver uma ferramenta de extração de dados da Plataforma Lattes através do webservice para criação de um BI sobre os dados de produção acadêmica dos professores da UNIVILLE/INOVAPARQ utilizando a ferramenta Tableau" NOME-DO-PROJETO-INGLES="Ferramenta de extração de dados da Plataforma Lattes CNPq" FLAG-POTENCIAL-INOVACAO="NAO" FLAG-PROJETO-CERTIFICADO="nao" NOME-COORDENADOR-CERTIFICACAO="" FORMATO-DATA-CERTIFICACAO="DDMMAAAA" DATA-CERTIFICACAO="" NUMERO_TECNICO_NIVEL_MEDIO=""><EQUIPE-DO-PROJETO><INTEGRANTES-DO-PROJETO NOME-COMPLETO="Lucas dos Santos Abreu" NOME-PARA-CITACAO="ABREU, L. S." ORDEM-DE-INTEGRACAO="1" FLAG-RESPONSAVEL="NAO" NRO-ID-CNPQ="9107715221927474"/><INTEGRANTES-DO-PROJETO NOME-COMPLETO="Walter Silvestre Coan" NOME-PARA-CITACAO="COAN, W. S." ORDEM-DE-INTEGRACAO="2" FLAG-RESPONSAVEL="NAO" NRO-ID-CNPQ="9652429155976938"/><INTEGRANTES-DO-PROJETO NOME-COMPLETO="Luiz Melo Romão" NOME-PARA-CITACAO="ROMAO, L. M." ORDEM-DE-INTEGRACAO="3" FLAG-RESPONSAVEL="SIM" NRO-ID-CNPQ="9815721279098341"/><INTEGRANTES-DO-PROJETO NOME-COMPLETO="Marcus de Melo" NOME-PARA-CITACAO="MELO, M." ORDEM-DE-INTEGRACAO="4" FLAG-RESPONSAVEL="NAO" NRO-ID-CNPQ=""/></EQUIPE-DO-PROJETO><PRODUCOES-CT-DO-PROJETO><PRODUCAO-CT-DO-PROJETO SEQUENCIA-PRODUCAO-CT="1" TITULO-DA-PRODUCAO-CT="LattesExtractor - Sistema de Apoio e Gestão de Competências aplicado na Plataforma Lattes" TIPO-PRODUCAO-CT="Software" TITULO-DA-PRODUCAO-CT-INGLES="LattesExtractor - Support System for Skills Management applied to the Lattes Platform"/></PRODUCOES-CT-DO-PROJETO></PROJETO-DE-PESQUISA></PARTICIPACAO-EM-PROJETO></ATIVIDADES-DE-PARTICIPACAO-EM-PROJETO><atividadesProfissionaisPlanificadas/></ATUACAO-PROFISSIONAL></ATUACOES-PROFISSIONAIS><AREAS-DE-ATUACAO><AREA-DE-ATUACAO SEQUENCIA-AREA-DE-ATUACAO="1" NOME-GRANDE-AREA-DO-CONHECIMENTO="CIENCIAS_EXATAS_E_DA_TERRA" NOME-DA-AREA-DO-CONHECIMENTO="Ciência da Computação" NOME-DA-SUB-AREA-DO-CONHECIMENTO="Metodologia e Técnicas da Computação" NOME-DA-ESPECIALIDADE="Sistemas de Informação"/></AREAS-DE-ATUACAO><IDIOMAS><IDIOMA IDIOMA="EN" DESCRICAO-DO-IDIOMA="Inglês" PROFICIENCIA-DE-LEITURA="BEM" PROFICIENCIA-DE-FALA="POUCO" PROFICIENCIA-DE-ESCRITA="BEM" PROFICIENCIA-DE-COMPREENSAO="BEM"/></IDIOMAS><staValidado/><dataExibicao/><dadosBolsista/></DADOS-GERAIS><PRODUCAO-TECNICA><SOFTWARE SEQUENCIA-PRODUCAO="1"><DADOS-BASICOS-DO-SOFTWARE NATUREZA="NAO_INFORMADO" TITULO-DO-SOFTWARE="LattesExtractor - Sistema de Apoio e Gestão de Competências aplicado na Plataforma Lattes" ANO="2016" PAIS="Brasil" IDIOMA="" MEIO-DE-DIVULGACAO="NAO_INFORMADO" HOME-PAGE-DO-TRABALHO="" FLAG-RELEVANCIA="SIM" DOI="" TITULO-DO-SOFTWARE-INGLES="LattesExtractor - Support System for Skills Management applied to the Lattes Platform" FLAG-DIVULGACAO-CIENTIFICA="NAO" FLAG-POTENCIAL-INOVACAO="NAO"/><DETALHAMENTO-DO-SOFTWARE FINALIDADE="Extração dos dados dos Currículos da Plataforma Lattes para uma base de consulta local" PLATAFORMA="C#" AMBIENTE="Ferramenta de apoio|Processadores de texto" DISPONIBILIDADE="NAO_INFORMADO" INSTITUICAO-FINANCIADORA="UNIVILLE" FINALIDADE-INGLES=""/><AUTORES NOME-COMPLETO-DO-AUTOR="Lucas dos Santos Abreu" NOME-PARA-CITACAO="ABREU, L. S." ORDEM-DE-AUTORIA="1" NRO-ID-CNPQ=""/><AUTORES NOME-COMPLETO-DO-AUTOR="Luiz Melo Romão" NOME-PARA-CITACAO="ROMAO, L. M." ORDEM-DE-AUTORIA="2" NRO-ID-CNPQ="9815721279098341"/><PALAVRAS-CHAVE PALAVRA-CHAVE-1="CNPq" PALAVRA-CHAVE-2="Business Intelligence" PALAVRA-CHAVE-3="Plataforma Lattes" PALAVRA-CHAVE-4="" PALAVRA-CHAVE-5="" PALAVRA-CHAVE-6=""/><AREAS-DO-CONHECIMENTO><AREA-DO-CONHECIMENTO-1 NOME-GRANDE-AREA-DO-CONHECIMENTO="CIENCIAS_EXATAS_E_DA_TERRA" NOME-DA-AREA-DO-CONHECIMENTO="" NOME-DA-SUB-AREA-DO-CONHECIMENTO="Metodologia e Técnicas da Computação" NOME-DA-ESPECIALIDADE="Sistemas de Informação"/></AREAS-DO-CONHECIMENTO><SETORES-DE-ATIVIDADE SETOR-DE-ATIVIDADE-1="Educação" SETOR-DE-ATIVIDADE-2="" SETOR-DE-ATIVIDADE-3=""/><INFORMACOES-ADICIONAIS DESCRICAO-INFORMACOES-ADICIONAIS="O conhecimento sobre a produção cientifica de uma instituição de ensino superior possui um papel importante para determinar a qualidade da mesma, assim como responder a oportunidades dadas a mesma seja por editais de licitação ou projetos de pesquisa. Com essas informações é possível determinar os limites e competências da instituição. Uma forma de analisar essas características é através dos currículos de seus profissionais. Nesse artigo serão indicados os conhecimentos necessários e métodos possíveis para alcançar estes indicadores de forma automatizada e orientada a tomada de decisão usando os dados dos currículos científicos da plataforma Lattes do CNPq." DESCRICAO-INFORMACOES-ADICIONAIS-INGLES="The knowledge about a High School Institution?s scientific production it is important to define institution?s quality itself, and to act on the opportunities that it will attempt, being biddings or research projects. With that information, it is possible to define the limitations and skills of the institution. One way to analyze those characteristics is using its professional?s curriculums. In this article will be indicated the needed knowledge and possible methods to reach these indicator in an automatic and decision taking way using the data from the scientific curriculum from CNPq?s Lattes platform."/></SOFTWARE></PRODUCAO-TECNICA><DADOS-COMPLEMENTARES><INFORMACOES-ADICIONAIS-INSTITUICOES><INFORMACAO-ADICIONAL-INSTITUICAO CODIGO-INSTITUICAO="000100000991" SIGLA-INSTITUICAO="EEB" SIGLA-UF-INSTITUICAO="" SIGLA-PAIS-INSTITUICAO="BRA" NOME-PAIS-INSTITUICAO="Brasil" FLAG-AGENCIA-FOMENTO="NAO" FLAG-INSTITUICAO-DE-ENSINO="NAO"/><INFORMACAO-ADICIONAL-INSTITUICAO CODIGO-INSTITUICAO="000200000993" SIGLA-INSTITUICAO="CAICMCJLLE" SIGLA-UF-INSTITUICAO="SC" SIGLA-PAIS-INSTITUICAO="BRA" NOME-PAIS-INSTITUICAO="Brasil" FLAG-AGENCIA-FOMENTO="NAO" FLAG-INSTITUICAO-DE-ENSINO="NAO"/><INFORMACAO-ADICIONAL-INSTITUICAO CODIGO-INSTITUICAO="000300000995" SIGLA-INSTITUICAO="PROUNI" SIGLA-UF-INSTITUICAO="DF" SIGLA-PAIS-INSTITUICAO="BRA" NOME-PAIS-INSTITUICAO="Brasil" FLAG-AGENCIA-FOMENTO="SIM" FLAG-INSTITUICAO-DE-ENSINO="NAO"/><INFORMACAO-ADICIONAL-INSTITUICAO CODIGO-INSTITUICAO="000400000997" SIGLA-INSTITUICAO="TOTVS SC" SIGLA-UF-INSTITUICAO="SC" SIGLA-PAIS-INSTITUICAO="BRA" NOME-PAIS-INSTITUICAO="Brasil" FLAG-AGENCIA-FOMENTO="NAO" FLAG-INSTITUICAO-DE-ENSINO="NAO"/><INFORMACAO-ADICIONAL-INSTITUICAO CODIGO-INSTITUICAO="572000000000" SIGLA-INSTITUICAO="UNIVILLE" SIGLA-UF-INSTITUICAO="SC" SIGLA-PAIS-INSTITUICAO="BRA" NOME-PAIS-INSTITUICAO="Brasil" FLAG-AGENCIA-FOMENTO="NAO" FLAG-INSTITUICAO-DE-ENSINO="SIM"/><INFORMACAO-ADICIONAL-INSTITUICAO CODIGO-INSTITUICAO="985606575860" SIGLA-INSTITUICAO="SENAI/DR/SC" SIGLA-UF-INSTITUICAO="SC" SIGLA-PAIS-INSTITUICAO="BRA" NOME-PAIS-INSTITUICAO="Brasil" FLAG-AGENCIA-FOMENTO="NAO" FLAG-INSTITUICAO-DE-ENSINO="NAO"/><INFORMACAO-ADICIONAL-INSTITUICAO CODIGO-INSTITUICAO="J36N00000004" SIGLA-INSTITUICAO="TOTVS" SIGLA-UF-INSTITUICAO="SP" SIGLA-PAIS-INSTITUICAO="BRA" NOME-PAIS-INSTITUICAO="Brasil" FLAG-AGENCIA-FOMENTO="NAO" FLAG-INSTITUICAO-DE-ENSINO="NAO"/><INFORMACAO-ADICIONAL-INSTITUICAO CODIGO-INSTITUICAO="J36N01000997" SIGLA-INSTITUICAO="" SIGLA-UF-INSTITUICAO="SC" SIGLA-PAIS-INSTITUICAO="BRA" NOME-PAIS-INSTITUICAO="Brasil" FLAG-AGENCIA-FOMENTO="NAO" FLAG-INSTITUICAO-DE-ENSINO="NAO"/></INFORMACOES-ADICIONAIS-INSTITUICOES><INFORMACOES-ADICIONAIS-CURSOS><INFORMACAO-ADICIONAL-CURSO CODIGO-CURSO="60356588" CODIGO-ORGAO="" NOME-ORGAO="" CODIGO-INSTITUICAO="572000000000" NOME-INSTITUICAO="Universidade da Região de Joinville" NOME-GRANDE-AREA-DO-CONHECIMENTO="OUTROS" NOME-DA-AREA-DO-CONHECIMENTO="" NOME-DA-SUB-AREA-DO-CONHECIMENTO="" NOME-DA-ESPECIALIDADE="" NIVEL-CURSO="GRADUACAO"/><INFORMACAO-ADICIONAL-CURSO CODIGO-CURSO="90000000" CODIGO-ORGAO="" NOME-ORGAO="" CODIGO-INSTITUICAO="985606575860" NOME-INSTITUICAO="SENAI - Departamento Regional de Santa Catarina" NOME-GRANDE-AREA-DO-CONHECIMENTO="CIENCIAS_EXATAS_E_DA_TERRA" NOME-DA-AREA-DO-CONHECIMENTO="Ciência da Computação" NOME-DA-SUB-AREA-DO-CONHECIMENTO="Sistemas de Computação" NOME-DA-ESPECIALIDADE="" NIVEL-CURSO="OT"/></INFORMACOES-ADICIONAIS-CURSOS></DADOS-COMPLEMENTARES><eventos/></CURRICULO-VITAE>